{
  "model": "StoreLSTM",
  "seq_len": 6,
  "input_dim": 56,
  "scaler_mean": [
    218.17248091884713,
    2400.5591895216257,
    5.480729166666666,
    4.182909726159838,
    14.494583333333333,
    1201.2343844133327,
    -0.07393829386826373,
    -0.07393829386826374,
    219.88727028327096,
    221.89547788166587,
    223.71094900778024,
    219.98507636126135,
    222.7486298302795,
    0.013660457886620101,
    2418.357045359321,
    2441.8419858619554,
    2461.6564226188834,
    2420.2527402476344,
    2450.9361816543046,
    0.025242397568788516,
    5.516145833333334,
    5.583645833333334,
    5.619583333333333,
    5.5268402777777785,
    5.595657986111111,
    71666.90448721121,
    14.609479166666667,
    14.752395833333333,
    14.878333333333334,
    14.618819444444446,
    14.808152777777778,
    6666.785556589887,
    1210.6772342652757,
    1222.0245696127909,
    1231.55509086433,
    1211.3120627637998,
    1226.5629072691852,
    0.040583737898403346,
    4.182665973830212,
    4.182100812020833,
    4.182990961381373,
    4.18255883733696,
    4.182746798315973,
    0.005231828395529178
  ],
  "scaler_scale": [
    86.99283264958139,
    996.0255189701834,
    3.2123530267260434,
    0.30047259924763847,
    6.9609455052017815,
    520.9769122784472,
    0.7032304947169529,
    0.7032304947169529,
    87.28466239500374,
    87.328800365789,
    87.06989343481622,
    84.53776955777283,
    81.2422169531983,
    0.2777185009344761,
    998.2144433234354,
    1000.8403211380868,
    998.0049412150602,
    944.6947242935707,
    903.1866741723603,
    0.3287515457963645,
    3.217651469431181,
    3.2406408894794207,
    3.2417317634852036,
    2.5223853289370677,
    2.2791345559222083,
    563165.6252551973,
    6.991072710635994,
    7.00357382650572,
    6.990096367162775,
    6.049652002142712,
    5.63185357905532,
    165067.32153119377,
    523.1244109214854,
    523.9608189171224,
    522.5952245745588,
    481.21076476379807,
    455.6589140411472,
    0.38889724204981335,
    0.3007744231676882,
    0.3010284793266489,
    0.3012843598457126,
    0.17549391659938332,
    0.12502355942058282,
    0.10255878471283539
  ],
  "numeric_cols": [
    "visits",
    "sales",
    "reviews",
    "rating",
    "favs",
    "views",
    "month_sin",
    "month_cos",
    "visits_lag1",
    "visits_lag2",
    "visits_lag3",
    "visits_ma3",
    "visits_ma6",
    "visits_chg",
    "sales_lag1",
    "sales_lag2",
    "sales_lag3",
    "sales_ma3",
    "sales_ma6",
    "sales_chg",
    "reviews_lag1",
    "reviews_lag2",
    "reviews_lag3",
    "reviews_ma3",
    "reviews_ma6",
    "reviews_chg",
    "favs_lag1",
    "favs_lag2",
    "favs_lag3",
    "favs_ma3",
    "favs_ma6",
    "favs_chg",
    "views_lag1",
    "views_lag2",
    "views_lag3",
    "views_ma3",
    "views_ma6",
    "views_chg",
    "rating_lag1",
    "rating_lag2",
    "rating_lag3",
    "rating_ma3",
    "rating_ma6",
    "rating_chg"
  ],
  "binary_cols": [
    "promo_flag",
    "event_flag",
    "category_cafe",
    "category_chicken",
    "category_dessert",
    "category_japanese",
    "category_korean",
    "category_pizza",
    "region_east",
    "region_north",
    "region_south",
    "region_west"
  ],
  "val_best_rmse": 21.929093970192103,
  "val_best_mape": 7.611714839935303,
  "test_rmse": 25.819096274305863,
  "test_mape": 9.04562759399414
}